{
    "prefill_speed_tps": 2.8278578999842905,
    "decode_speed_tps": 5.476948726477491
}